text,spam
2296,1
5184,1
5276,1
75,1
854,1
1432,1
1512,1
4816,1
5278,1
4818,1
1900,1
4832,1
467,1
5452,1
1222,1
4871,1
2434,1
1988,1
4883,1
60,1
306,1
4473,1
5239,1
5680,1
4580,1
1451,1
339,1
1525,1
61,1
4820,1
5458,1
116,1
111,1
3633,1
2256,1
1129,1
603,1
2553,1
459,1
1112,1
1380,1
470,1
1540,1
40,1
5545,1
43,1
4872,1
1132,1
606,1
461,1
2701,1
1419,1
5688,1
2072,1
362,1
1929,1
1969,1
1208,1
839,1
5645,1
2516,1
4893,1
4842,1
4824,1
1573,1
2067,1
5135,1
864,1
1797,1
2719,1
1387,1
1806,1
1987,1
702,1
1604,1
586,1
2494,1
5626,1
2541,1
1858,1
5312,1
815,1
5137,1
5475,1
342,1
349,1
31,1
4710,1
968,1
1612,1
1778,1
5341,1
0,1
1338,1
2491,1
5343,1
5624,1
852,1
1541,1
4830,1
3140,1
5086,1
3655,1
4972,1
1984,1
426,1
1225,1
5201,1
5607,1
115,1
5138,1
424,1
481,1
1311,1
5223,1
1270,1
3787,1
1970,1
2401,1
5457,1
2299,1
3551,1
1500,1
2026,1
966,1
2479,1
1780,1
1821,1
1971,1
2068,1
5600,1
2397,1
1519,1
1107,1
1376,1
1224,1
1979,1
335,1
2076,1
1919,1
4943,1
817,1
5259,1
5439,1
1522,1
214,1
1982,1
2030,1
5169,1
1412,1
5530,1
1679,1
68,1
4821,1
288,1
2558,1
853,1
580,1
5378,1
764,1
616,1
5671,1
2001,1
128,1
4822,1
2339,1
2077,1
2536,1
1619,1
5537,1
2385,1
1141,1
5284,1
1429,1
2277,1
5063,1
38,1
2382,1
4721,1
1377,1
192,1
406,1
1087,1
5527,1
1552,1
480,1
676,1
2207,1
1922,1
308,1
1467,1
3515,1
1678,1
2548,1
5313,1
2000,1
2685,1
2599,1
2429,1
2061,1
1207,1
5470,1
2546,1
4955,1
1372,1
1594,1
1392,1
2294,1
4887,1
5175,1
4942,1
2549,1
2303,1
1545,1
2023,1
4992,1
576,1
1648,1
733,1
4847,1
1383,1
1887,1
4911,1
5335,1
2033,1
1582,1
5625,1
4601,1
687,1
2306,1
39,1
148,1
3975,1
1667,1
5188,1
4712,1
5478,1
5610,1
5494,1
1234,1
379,1
104,1
2002,1
28,1
2071,1
2813,1
218,1
2597,1
1055,1
1488,1
4902,1
859,1
849,1
348,1
156,1
1661,1
2540,1
2298,1
2038,1
5265,1
5007,1
1241,1
1989,1
272,1
4961,1
1977,1
1653,1
1976,1
1633,1
117,1
90,1
4521,1
814,1
427,1
4568,1
1373,1
5197,1
129,1
1819,1
2594,1
4899,1
5127,1
2664,1
166,1
1967,1
2552,1
1874,1
4144,1
4890,1
1588,1
2095,1
1926,1
3838,1
224,1
5531,1
5685,1
343,1
271,1
2672,1
1462,1
2074,1
1145,1
5345,1
1999,1
1770,1
359,1
5062,1
5437,1
1972,1
5383,1
443,1
902,1
847,1
5661,1
2515,1
85,1
5477,1
840,1
2556,1
681,1
2402,1
1632,1
1101,1
904,1
1647,1
1210,1
5346,1
4869,1
1875,1
1895,1
4946,1
4916,1
5236,1
412,1
2708,1
2566,1
408,1
268,1
614,1
4851,1
1650,1
1652,1
86,1
78,1
1143,1
235,1
4894,1
1339,1
4848,1
5053,1
5467,1
2535,1
857,1
2395,1
1973,1
2544,1
1126,1
4977,1
1590,1
4978,1
10,1
4552,1
1873,1
405,1
2066,1
360,1
4814,1
1160,1
620,1
4653,1
1901,1
824,1
2419,1
4876,1
346,1
5557,1
2300,1
5571,1
101,1
232,1
1243,1
5235,1
5337,1
5548,1
1920,1
1510,1
1253,1
1312,1
112,1
5056,1
1431,1
4854,1
1416,1
1876,1
5323,1
896,1
1571,1
2532,1
1231,1
4996,1
1434,1
2411,1
875,1
2400,1
2374,1
4856,1
575,1
1133,1
2817,1
1162,1
2562,1
354,1
482,1
4853,1
2381,1
2330,1
2292,1
4538,1
566,1
433,1
5543,1
1463,1
1097,1
1409,1
211,1
4825,1
420,1
3164,1
1228,1
4836,1
5606,1
1885,1
5604,1
5146,1
1226,1
136,1
870,1
176,1
336,1
2554,1
5652,1
5673,1
4976,1
2242,1
1052,1
4931,1
682,1
190,1
5598,1
2344,1
4813,1
5621,1
2220,1
273,1
1591,1
5633,1
270,1
1697,1
5280,1
767,1
1152,1
126,1
1254,1
221,1
5348,1
1531,1
5340,1
1386,1
1411,1
4928,1
5332,1
5132,1
4925,1
220,1
5532,1
370,1
903,1
567,1
2329,1
1113,1
4716,1
5619,1
804,1
813,1
1227,1
1904,1
1598,1
1078,1
1889,1
5450,1
1673,1
5282,1
2257,1
1269,1
912,1
1557,1
1542,1
5664,1
225,1
2986,1
2031,1
1672,1
9,1
309,1
4567,1
1252,1
1391,1
352,1
1925,1
5297,1
4917,1
5454,1
2231,1
2695,1
5072,1
2492,1
240,1
4935,1
2065,1
2559,1
283,1
222,1
2537,1
395,1
1142,1
5602,1
5349,1
4879,1
102,1
1526,1
2485,1
4932,1
1138,1
5541,1
5233,1
1100,1
2075,1
2721,1
4799,1
4255,1
1660,1
4709,1
541,1
1627,1
1108,1
2349,1
863,1
4852,1
4835,1
1235,1
4594,1
219,1
4945,1
2060,1
1157,1
1218,1
2671,1
517,1
2034,1
5327,1
5616,1
243,1
1804,1
1089,1
5646,1
2063,1
444,1
2262,1
29,1
305,1
5192,1
191,1
2493,1
1130,1
5655,1
1529,1
2370,1
2406,1
5295,1
820,1
1517,1
5350,1
5628,1
2194,1
2265,1
1128,1
5283,1
2607,1
7,1
5449,1
5630,1
2582,1
1232,1
1528,1
1614,1
1161,1
1266,1
2232,1
2818,1
605,1
1921,1
4840,1
2236,1
114,1
1820,1
1776,1
312,1
2604,1
1466,1
239,1
5612,1
2340,1
2557,1
2032,1
2248,1
1897,1
2720,1
1140,1
4828,1
108,1
1238,1
2365,1
1111,1
431,1
2545,1
5549,1
1706,1
2670,1
1136,1
710,1
227,1
850,1
2056,1
897,1
142,1
340,1
1610,1
2003,1
228,1
4831,1
5321,1
403,1
4714,1
2478,1
158,1
5649,1
5632,1
2428,1
1859,1
351,1
2158,1
703,1
5382,1
361,1
1641,1
5339,1
5622,1
2028,1
4610,1
216,1
2247,1
1782,1
4845,1
4722,1
1230,1
4954,1
205,1
821,1
5258,1
171,1
1150,1
1153,1
1663,1
5462,1
22,1
838,1
1992,1
1051,1
1642,1
2301,1
2481,1
646,1
637,1
3794,1
4895,1
4858,1
860,1
5455,1
4817,1
1600,1
5479,1
1924,1
1413,1
2312,1
1586,1
1239,1
5469,1
2302,1
2538,1
5650,1
2426,1
5198,1
5465,1
5166,1
2037,1
32,1
5331,1
2551,1
5379,1
5629,1
304,1
1575,1
120,1
1694,1
1559,1
5133,1
236,1
76,1
1608,1
1236,1
2109,1
1456,1
2304,1
1516,1
483,1
5277,1
1616,1
1179,1
1866,1
4901,1
737,1
5667,1
4541,1
5617,1
4574,1
338,1
823,1
4540,1
4960,1
2542,1
5183,1
4715,1
1131,1
5638,1
1658,1
2275,1
579,1
4717,1
1190,1
602,1
1213,1
175,1
1666,1
193,1
1936,1
2398,1
709,1
1589,1
1144,1
1669,1
30,1
5662,1
1980,1
109,1
19,1
1983,1
4560,1
5614,1
3139,1
212,1
4979,1
5338,1
21,1
1636,1
358,1
213,1
2435,1
463,1
5228,1
400,1
1932,1
4829,1
281,1
5344,1
4539,1
307,1
4811,1
816,1
2036,1
599,1
1917,1
5504,1
1076,1
2647,1
1587,1
3411,1
5476,1
708,1
1603,1
4551,1
2305,1
1981,1
5374,1
965,1
874,1
1384,1
5594,1
1991,1
234,1
215,1
1449,1
1054,1
5194,1
5631,1
898,1
130,1
1662,1
2264,1
42,1
704,1
604,1
1584,1
1393,1
18,1
241,1
705,1
4711,1
5224,1
2816,1
5131,1
2345,1
1518,1
4900,1
2073,1
107,1
84,1
1810,1
1864,1
5468,1
754,1
5653,1
1362,1
2057,1
186,1
1938,1
4518,1
404,1
5546,1
5134,1
468,1
5593,1
5329,1
5177,1
2027,1
1923,1
1527,1
5279,1
113,1
5324,1
5287,1
2560,1
868,1
4944,1
4543,1
353,1
5608,1
5675,1
1217,1
2533,1
862,1
1822,1
4941,1
423,1
5472,1
91,1
1597,1
1659,1
1664,1
1798,1
5281,1
4713,1
5153,1
1437,1
1707,1
378,1
818,1
4812,1
5466,1
4846,1
2543,1
5613,1
4542,1
2709,1
1520,1
5503,1
1680,1
1602,1
1402,1
1916,1
2070,1
1805,1
5262,1
2368,1
582,1
1295,1
1605,1
88,1
4898,1
2064,1
2517,1
310,1
110,1
1572,1
2162,1
1180,1
1375,1
1448,1
2126,1
4827,1
1868,1
430,1
1940,1
1182,1
71,1
1212,1
2094,1
476,1
1865,1
5656,1
5385,1
4855,1
4953,1
656,1
2025,1
147,1
1438,1
4788,1
3826,1
127,1
1229,1
2341,1
866,1
2718,1
1480,1
5289,1
5190,1
873,1
1561,1
2405,1
1135,1
1995,1
2244,1
2245,1
167,1
1272,1
932,1
341,1
27,1
1521,1
1181,1
1137,1
2235,1
546,1
5674,1
5597,1
5540,1
2431,1
1883,1
1611,1
2051,1
768,1
5536,1
242,1
1684,1
5639,1
4878,1
2496,1
2603,1
2547,1
1606,1
2317,1
2451,1
356,1
2307,1
770,1
5474,1
1134,1
1918,1
4718,1
1209,1
5054,1
1530,1
1601,1
2050,1
4881,1
4850,1
4937,1
1147,1
4833,1
83,1
4838,1
2035,1
1251,1
350,1
4919,1
464,1
855,1
1882,1
123,1
1975,1
303,1
5605,1
314,1
5555,1
2123,1
1127,1
4719,1
11,1
2343,1
5620,1
391,1
2529,1
4834,1
1607,1
1994,1
2659,1
5473,1
5459,1
1651,1
1436,1
5176,1
5376,1
826,1
819,1
5139,1
5618,1
5665,1
2246,1
344,1
5274,1
4947,1
2530,1
233,1
1457,1
1151,1
217,1
66,1
2384,1
106,1
5558,1
1053,1
399,1
598,1
5243,1
5238,1
5684,1
1781,1
1913,1
911,1
4958,1
1966,1
1546,1
5596,1
5187,1
2243,1
2308,1
4857,1
4545,1
5055,1
2487,1
1671,1
5447,1
131,1
2029,1
50,1
1896,1
70,1
2751,1
1378,1
244,1
99,1
453,1
5196,1
2842,1
5481,1
5241,1
1863,1
769,1
436,1
2346,1
1779,1
380,1
2210,1
2392,1
1430,1
2293,1
5381,1
1939,1
4553,1
434,1
527,1
1615,1
1670,1
2480,1
1998,1
4683,1
2079,1
5090,1
143,1
861,1
2561,1
1978,1
822,1
93,1
2295,1
5623,1
2675,1
105,1
4844,1
2539,1
334,1
1385,1
2531,1
194,1
1708,1
5480,1
4843,1
5611,1
5057,1
2055,1
311,1
355,1
4815,1
5010,1
62,1
4837,1
4882,1
5603,1
1123,1
1395,1
1585,1
77,1
5609,1
4993,1
581,1
2386,1
2021,1
5595,1
4720,1
927,1
1183,1
1985,1
1379,1
92,1
2815,1
5668,1
1524,1
2078,1
615,1
189,1
5654,1
4472,1
1613,1
915,1
5377,1
419,1
869,1
5168,1
1425,1
1475,1
1185,1
5672,1
345,1
2342,1
2523,1
5666,1
4991,1
574,1
4997,1
5179,1
514,1
475,1
79,1
2430,1
26,1
1945,1
2673,1
2518,1
2,1
1441,1
2550,1
1618,1
1381,1
5529,1
337,1
799,1
1,1
4880,1
223,1
81,1
5275,1
421,1
1968,1
2289,1
428,1
899,1
226,1
477,1
41,1
4572,1
425,1
5601,1
5658,1
118,1
4952,1
2062,1
4789,1
1394,1
150,1
858,1
1997,1
5505,1
2048,1
5464,1
1474,1
1645,1
4841,1
5634,1
2477,1
1688,1
2069,1
1560,1
4839,1
2081,1
5460,1
5186,1
2004,1
1435,1
1809,1
4783,1
2157,1
1382,1
4826,1
5384,1
5615,1
2528,1
2334,1
479,1
1674,1
2404,1
2752,1
69,1
2219,1
601,1
103,1
3820,1
825,1
5130,1
170,1
5322,1
4819,1
2584,1
5528,1
23,1
5330,1
1414,1
2022,1
5285,1
2534,1
5328,1
5663,1
257,1
1644,1
1990,1
1086,1
2614,1
2674,1
231,1
5669,1
429,1
827,1
4245,1
4877,1
8,1
1139,1
1184,1
5670,1
1574,1
230,1
2039,1
5542,1
797,1
1174,1
1464,1
2355,1
1374,1
1993,1
905,1
543,1
5100,1
2125,1
5635,1
2058,1
619,1
2059,1
1581,1
1427,1
5544,1
617,1
4849,1
1583,1
1986,1
1609,1
519,1
1465,1
1124,1
618,1
287,1
1556,1
5471,1
1350,1
5438,1
865,1
2605,1
5380,1
633,1
238,1
2495,1
237,1
5326,1
1668,1
2747,1
188,1
458,1
347,1
386,1
462,1
2716,1
1898,1
1125,1
4823,1
2432,1
1665,1
530,1
1974,1
5627,1
2387,1
5306,1
1547,1
5191,1
4470,1
2241,1
2727,1
1237,1
542,1
89,1
5009,1
229,1
1640,1
5154,1
157,1
390,1
2555,1
357,1
5559,1
1635,1
5456,1
1562,1
1494,0
4798,0
1259,0
3926,0
4060,0
409,0
2087,0
3464,0
525,0
1122,0
3569,0
2942,0
1257,0
5261,0
4357,0
4981,0
3392,0
5242,0
1813,0
245,0
5048,0
1954,0
5434,0
4382,0
2823,0
805,0
3103,0
3182,0
3687,0
3822,0
1277,0
3369,0
4611,0
4161,0
4440,0
2455,0
3483,0
4082,0
607,0
4497,0
4868,0
1047,0
3484,0
1777,0
4173,0
924,0
1059,0
4940,0
392,0
791,0
2149,0
3988,0
919,0
1509,0
4236,0
5398,0
2753,0
1193,0
5517,0
3550,0
2828,0
2726,0
6,0
4228,0
724,0
2574,0
1306,0
368,0
1072,0
4288,0
1845,0
4406,0
2871,0
4385,0
1964,0
783,0
2875,0
4430,0
4933,0
4395,0
644,0
2885,0
2575,0
893,0
5075,0
4079,0
4296,0
4885,0
1677,0
801,0
5272,0
2886,0
936,0
1349,0
5418,0
3908,0
3386,0
5683,0
2484,0
4366,0
279,0
931,0
3964,0
4049,0
2144,0
373,0
460,0
4155,0
413,0
979,0
1007,0
3846,0
3476,0
5390,0
3352,0
3995,0
5372,0
2224,0
830,0
1284,0
3673,0
1105,0
3289,0
2872,0
844,0
4446,0
3932,0
4559,0
1043,0
2193,0
2164,0
2775,0
1485,0
3388,0
3227,0
2141,0
4116,0
4636,0
3645,0
4186,0
3236,0
3767,0
2217,0
4705,0
5580,0
4094,0
161,0
3708,0
5689,0
3848,0
4986,0
3874,0
3890,0
3983,0
4004,0
3784,0
1626,0
3041,0
2413,0
3290,0
2717,0
4889,0
3425,0
977,0
4862,0
3608,0
141,0
4548,0
1955,0
3840,0
2955,0
2161,0
1169,0
2137,0
1755,0
3381,0
3562,0
2883,0
3297,0
1734,0
446,0
1953,0
3244,0
3529,0
422,0
4239,0
2779,0
2676,0
2508,0
3144,0
5522,0
4227,0
4043,0
3721,0
507,0
4956,0
1937,0
2689,0
939,0
4892,0
2648,0
4516,0
3450,0
1910,0
3501,0
2821,0
3318,0
3670,0
4424,0
1368,0
1050,0
37,0
3158,0
4284,0
738,0
3268,0
4086,0
3553,0
4276,0
2981,0
4690,0
4266,0
3938,0
2285,0
2829,0
2090,0
1260,0
4278,0
2576,0
4410,0
4897,0
780,0
2524,0
1073,0
5101,0
1691,0
396,0
4160,0
1593,0
3620,0
3526,0
4046,0
4596,0
5404,0
4467,0
3602,0
2908,0
25,0
4652,0
3183,0
1173,0
2567,0
2881,0
181,0
5232,0
97,0
1280,0
3981,0
5416,0
1596,0
4235,0
5254,0
182,0
4741,0
3273,0
1189,0
4964,0
1498,0
2802,0
2281,0
5148,0
4782,0
2101,0
888,0
587,0
4672,0
1057,0
1794,0
1771,0
632,0
4312,0
5351,0
2439,0
2738,0
5507,0
4641,0
1191,0
2154,0
910,0
2183,0
1534,0
2628,0
3131,0
3439,0
1321,0
4765,0
1566,0
3817,0
4080,0
4244,0
3758,0
4915,0
4220,0
1079,0
4290,0
5573,0
2147,0
1750,0
383,0
2313,0
5059,0
3511,0
4013,0
4505,0
1327,0
4463,0
2897,0
4362,0
3485,0
3472,0
2909,0
2892,0
5118,0
2581,0
1801,0
674,0
5207,0
2269,0
1769,0
3249,0
3641,0
2958,0
1892,0
5189,0
5087,0
4368,0
5589,0
3384,0
1333,0
2598,0
3857,0
2706,0
3260,0
2458,0
5185,0
3671,0
5083,0
5686,0
1308,0
371,0
2661,0
2347,0
4397,0
4999,0
4740,0
3007,0
2579,0
4673,0
565,0
51,0
3049,0
940,0
3319,0
2132,0
3572,0
2791,0
3994,0
2500,0
2732,0
5567,0
3002,0
2206,0
2463,0
2114,0
432,0
4265,0
364,0
5432,0
4533,0
3271,0
4076,0
5091,0
2961,0
5415,0
5694,0
2592,0
4209,0
5495,0
2898,0
1506,0
5088,0
4056,0
3828,0
1705,0
5204,0
4114,0
3980,0
2053,0
697,0
3648,0
2338,0
1186,0
2044,0
3038,0
1741,0
4277,0
1675,0
1085,0
3471,0
3689,0
2780,0
5365,0
293,0
802,0
4342,0
3558,0
2195,0
2521,0
2563,0
3350,0
4860,0
4433,0
557,0
3065,0
3057,0
959,0
5126,0
3786,0
4732,0
2403,0
5435,0
3914,0
2735,0
832,0
2015,0
5244,0
5093,0
3864,0
388,0
5484,0
2756,0
2744,0
3574,0
2052,0
4128,0
3404,0
2189,0
585,0
1890,0
880,0
4643,0
276,0
1759,0
5412,0
2283,0
3432,0
3667,0
2820,0
5041,0
4417,0
4289,0
4696,0
5300,0
2801,0
772,0
1447,0
4622,0
1479,0
1617,0
3377,0
381,0
3843,0
3683,0
2506,0
1568,0
4067,0
1415,0
3582,0
385,0
5032,0
4647,0
3212,0
4234,0
1862,0
1196,0
3925,0
4250,0
2824,0
4864,0
4926,0
1695,0
3624,0
1649,0
1933,0
1555,0
731,0
4896,0
3159,0
4030,0
3743,0
638,0
2138,0
250,0
4687,0
1289,0
3072,0
5266,0
591,0
4531,0
3231,0
5405,0
1625,0
1685,0
4656,0
2737,0
3015,0
4177,0
297,0
2924,0
1550,0
374,0
917,0
4752,0
5002,0
496,0
2249,0
5493,0
3617,0
274,0
5678,0
4706,0
3240,0
3892,0
2768,0
1109,0
2783,0
5315,0
5421,0
2356,0
3310,0
3331,0
4489,0
1620,0
3680,0
2259,0
2013,0
3426,0
1532,0
5554,0
1201,0
2615,0
2839,0
322,0
2196,0
155,0
4745,0
1477,0
3703,0
3176,0
4191,0
3124,0
2047,0
4113,0
4909,0
3406,0
4305,0
2810,0
698,0
1177,0
3050,0
4203,0
4861,0
3644,0
1698,0
2606,0
5111,0
164,0
1962,0
2990,0
1815,0
508,0
1576,0
4321,0
1654,0
2472,0
3184,0
753,0
652,0
152,0
2191,0
4206,0
5371,0
3595,0
5080,0
973,0
4126,0
1714,0
2928,0
3709,0
4496,0
3740,0
775,0
3142,0
3452,0
4330,0
3649,0
531,0
630,0
5068,0
3523,0
712,0
3776,0
4987,0
635,0
2388,0
3962,0
4980,0
2967,0
2204,0
1249,0
3513,0
5369,0
1246,0
1348,0
3652,0
3573,0
1786,0
3345,0
4906,0
4375,0
2916,0
5144,0
5302,0
3217,0
4573,0
2715,0
3706,0
2526,0
3211,0
3267,0
1170,0
701,0
1765,0
3316,0
3123,0
2646,0
1371,0
144,0
4413,0
2893,0
1046,0
784,0
1683,0
178,0
534,0
4769,0
3189,0
5400,0
3940,0
4135,0
666,0
690,0
1565,0
3025,0
2227,0
969,0
1326,0
5451,0
1016,0
4111,0
5286,0
5158,0
210,0
2116,0
1719,0
4904,0
3952,0
1264,0
4948,0
4404,0
2914,0
3427,0
3948,0
2332,0
4577,0
5325,0
1294,0
2707,0
4383,0
2564,0
4372,0
1736,0
1070,0
5642,0
1830,0
5413,0
2749,0
3255,0
1192,0
2631,0
4787,0
3883,0
3946,0
992,0
2822,0
2433,0
1355,0
2591,0
3346,0
4164,0
63,0
173,0
2328,0
3355,0
4188,0
696,0
3808,0
2895,0
2690,0
4107,0
5264,0
550,0
5446,0
4271,0
1847,0
4158,0
2900,0
645,0
4008,0
1115,0
149,0
1067,0
972,0
5227,0
2949,0
5387,0
2638,0
2681,0
4663,0
5078,0
555,0
5586,0
1268,0
2937,0
4998,0
2947,0
3391,0
2849,0
4172,0
4777,0
2014,0
2284,0
642,0
2350,0
5162,0
3315,0
3893,0
4435,0
4264,0
2889,0
145,0
967,0
5034,0
3039,0
4071,0
5424,0
3259,0
4973,0
2267,0
4454,0
5681,0
3419,0
2251,0
877,0
4450,0
4299,0
4950,0
532,0
922,0
713,0
1439,0
3563,0
3442,0
488,0
3314,0
3334,0
3222,0
4656,0
3165,0
4660,0
53,0
3900,0
4175,0
376,0
3915,0
1733,0
4803,0
5429,0
3622,0
1205,0
3046,0
5296,0
3782,0
1807,0
2568,0
4231,0
3524,0
3736,0
1825,0
1335,0
3903,0
4645,0
1366,0
3722,0
3348,0
3327,0
1008,0
2324,0
2844,0
1165,0
5208,0
4131,0
2134,0
1455,0
2873,0
3242,0
3275,0
3378,0
3642,0
1001,0
2253,0
4141,0
4399,0
1484,0
3309,0
3663,0
5211,0
1536,0
4698,0
592,0
3694,0
2353,0
2657,0
3918,0
885,0
3029,0
3853,0
2966,0
3117,0
2634,0
3678,0
3859,0
5508,0
2585,0
5420,0
2005,0
48,0
3996,0
289,0
3128,0
5116,0
2085,0
4108,0
4353,0
3003,0
3901,0
2466,0
3344,0
2359,0
3373,0
3605,0
2360,0
4006,0
2978,0
4657,0
2086,0
2117,0
1788,0
1860,0
2867,0
2396,0
1731,0
2263,0
457,0
2276,0
2691,0
3881,0
889,0
3263,0
1444,0
2009,0
1812,0
832,0
3445,0
2580,0
930,0
613,0
1324,0
1793,0
2882,0
5370,0
1941,0
3921,0
589,0
1595,0
5563,0
1404,0
4615,0
3505,0
2994,0
5165,0
2417,0
726,0
2240,0
3201,0
5151,0
1068,0
2626,0
551,0
3697,0
3342,0
1950,0
4185,0
1580,0
4525,0
1022,0
5441,0
5373,0
2610,0
5079,0
5511,0
3570,0
5209,0
2464,0
4369,0
3215,0
1148,0
867,0
2907,0
4558,0
3399,0
2951,0
3727,0
1493,0
3504,0
4670,0
2609,0
3470,0
5367,0
3163,0
3598,0
2855,0
2633,0
3730,0
330,0
4229,0
1723,0
1062,0
1737,0
4634,0
5145,0
989,0
4677,0
3650,0
74,0
3922,0
2793,0
2941,0
4105,0
2453,0
1256,0
2577,0
1744,0
2968,0
2956,0
4689,0
251,0
4735,0
4873,0
871,0
3638,0
1156,0
3390,0
1996,0
942,0
1775,0
1915,0
933,0
4392,0
4963,0
2151,0
1187,0
3311,0
1482,0
4695,0
17,0
4691,0
4356,0
4243,0
732,0
3606,0
3804,0
1533,0
5178,0
2414,0
788,0
5587,0
629,0
5273,0
4778,0
499,0
945,0
4515,0
5251,0
3972,0
4438,0
1406,0
5352,0
1629,0
4779,0
3429,0
3717,0
2874,0
4966,0
3512,0
1783,0
3594,0
3674,0
715,0
417,0
472,0
734,0
723,0
2436,0
5104,0
4193,0
4631,0
975,0
951,0
4327,0
2700,0
5389,0
2454,0
3898,0
4126,0
1787,0
2316,0
254,0
2589,0
2969,0
4147,0
2639,0
2042,0
4074,0
275,0
369,0
201,0
1352,0
2769,0
3832,0
3711,0
3970,0
4376,0
688,0
2369,0
999,0
5290,0
747,0
1300,0
4178,0
949,0
572,0
2932,0
3397,0
3108,0
5679,0
2846,0
3610,0
1743,0
4578,0
4292,0
4524,0
207,0
1119,0
137,0
2121,0
5159,0
4764,0
3497,0
3845,0
3997,0
2722,0
4230,0
4373,0
2792,0
1502,0
5050,0
49,0
3367,0
1762,0
138,0
140,0
3239,0
1342,0
3802,0
791,0
3281,0
5081,0
3354,0
5218,0
535,0
2223,0
4055,0
2910,0
5422,0
5552,0
1826,0
672,0
2746,0
1064,0
4562,0
4514,0
3502,0
4575,0
5433,0
3027,0
5143,0
561,0
5099,0
2750,0
4475,0
184,0
537,0
4183,0
3506,0
4240,0
1956,0
4179,0
1255,0
5089,0
4337,0
1004,0
2833,0
1471,0
3974,0
2991,0
2859,0
4270,0
4676,0
1487,0
4483,0
5018,0
5195,0
266,0
3985,0
1021,0
3416,0
3329,0
803,0
3066,0
3197,0
3030,0
3518,0
367,0
3639,0
686,0
2635,0
937,0
4090,0
3882,0
3509,0
4273,0
2208,0
5047,0
4597,0
4693,0
1211,0
3052,0
628,0
3561,0
1795,0
926,0
5073,0
1696,0
5647,0
549,0
445,0
3682,0
4315,0
4295,0
4441,0
3943,0
1261,0
1834,0
3088,0
407,0
4796,0
766,0
5570,0
5193,0
4729,0
1323,0
2279,0
3435,0
1285,0
4658,0
2319,0
4208,0
4761,0
1345,0
4659,0
1703,0
3396,0
5292,0
1060,0
624,0
2409,0
1405,0
1818,0
1453,0
1290,0
2218,0
2258,0
3876,0
5407,0
3169,0
5037,0
2645,0
4146,0
2505,0
2711,0
1428,0
3576,0
569,0
4923,0
3745,0
2782,0
4792,0
2838,0
1567,0
2103,0
2190,0
2214,0
623,0
1369,0
2651,0
4148,0
5366,0
3987,0
2390,0
872,0
757,0
1543,0
718,0
1497,0
4797,0
3659,0
5293,0
978,0
725,0
1056,0
1195,0
3532,0
3662,0
4583,0
2911,0
3196,0
321,0
2950,0
4547,0
3785,0
3302,0
4951,0
5551,0
1854,0
439,0
3863,0
3879,0
4088,0
3035,0
2985,0
3265,0
1258,0
3891,0
2959,0
4335,0
2212,0
4771,0
2803,0
970,0
4665,0
5364,0
5288,0
195,0
659,0
4544,0
4323,0
3257,0
3545,0
3385,0
882,0
4102,0
3021,0
1341,0
2774,0
3704,0
639,0
4612,0
2729,0
3358,0
2666,0
2827,0
4763,0
2424,0
5660,0
553,0
3150,0
4112,0
941,0
2856,0
2724,0
5525,0
2442,0
3233,0
516,0
3453,0
2181,0
4075,0
2679,0
4195,0
4561,0
5149,0
3246,0
717,0
5514,0
3812,0
3805,0
1063,0
2728,0
4458,0
5682,0
1279,0
577,0
4994,0
661,0
4618,0
2152,0
3542,0
3965,0
2184,0
2364,0
934,0
1307,0
4756,0
4587,0
3700,0
2228,0
3654,0
2408,0
3744,0
906,0
5533,0
4487,0
2327,0
774,0
3185,0
3408,0
2899,0
1168,0
3474,0
3313,0
3904,0
1687,0
4462,0
3871,0
568,0
3739,0
5070,0
5249,0
3894,0
3230,0
5519,0
4747,0
197,0
3086,0
742,0
4374,0
1322,0
2229,0
4990,0
4352,0
1499,0
2862,0
736,0
3295,0
4524,0
4630,0
1025,0
1891,0
2124,0
4077,0
292,0
5399,0
4314,0
2216,0
4870,0
1200,0
4306,0
497,0
5677,0
3841,0
843,0
3422,0
2425,0
5038,0
988,0
4549,0
1315,0
5156,0
1621,0
372,0
691,0
3127,0
2254,0
554,0
3192,0
4047,0
4165,0
4219,0
3766,0
5320,0
503,0
5636,0
5171,0
4936,0
956,0
3661,0
5200,0
1353,0
4599,0
4081,0
1473,0
4251,0
4640,0
1019,0
2825,0
4308,0
660,0
2367,0
1927,0
1785,0
5202,0
2920,0
1852,0
4501,0
5215,0
4627,0
3618,0
595,0
2992,0
670,0
1513,0
5291,0
1071,0
4423,0
2146,0
4061,0
2415,0
1681,0
3205,0
559,0
588,0
2268,0
5644,0
125,0
3716,0
3339,0
2665,0
4967,0
3045,0
4109,0
1314,0
2379,0
2837,0
1878,0
3287,0
3688,0
5217,0
3059,0
454,0
2507,0
1725,0
837,0
4781,0
699,0
2919,0
2288,0
3457,0
4554,0
3243,0
578,0
2890,0
3054,0
2469,0
4038,0
2971,0
3821,0
2683,0
3780,0
891,0
2111,0
1909,0
1041,0
329,0
662,0
2667,0
1316,0
1357,0
984,0
744,0
5096,0
3868,0
366,0
4590,0
4563,0
1015,0
1722,0
3719,0
5136,0
1403,0
5206,0
1496,0
5513,0
3493,0
1745,0
963,0
4287,0
2848,0
1676,0
3588,0
2252,0
4591,0
4949,0
3559,0
3928,0
3461,0
2155,0
695,0
3748,0
1278,0
2811,0
1320,0
1772,0
2226,0
2858,0
1577,0
2153,0
2795,0
4457,0
2511,0
785,0
162,0
2261,0
3556,0
556,0
1262,0
2420,0
3539,0
1752,0
5526,0
2502,0
4922,0
4623,0
3343,0
1814,0
5564,0
2972,0
1796,0
948,0
4914,0
124,0
1400,0
3778,0
135,0
1048,0
5182,0
4202,0
2905,0
3875,0
3960,0
5428,0
730,0
187,0
3951,0
4604,0
4157,0
2686,0
3636,0
3308,0
4036,0
4970,0
1829,0
2765,0
4550,0
3368,0
3522,0
957,0
4903,0
3111,0
3585,0
3508,0
1102,0
1421,0
1841,0
5107,0
4603,0
4499,0
2918,0
3801,0
4275,0
2953,0
4474,0
2136,0
4358,0
5516,0
4200,0
3120,0
3886,0
3058,0
4103,0
3199,0
465,0
631,0
3629,0
3252,0
4678,0
1903,0
2348,0
3731,0
1172,0
625,0
4062,0
779,0
2016,0
3226,0
5307,0
3020,0
3798,0
4021,0
4498,0
2739,0
1716,0
1158,0
455,0
94,0
20,0
692,0
5591,0
2913,0
3400,0
2315,0
4121,0
3375,0
3737,0
4168,0
3438,0
2943,0
4063,0
4303,0
4962,0
3540,0
2733,0
962,0
1033,0
2788,0
153,0
3364,0
3069,0
2361,0
4192,0
4616,0
636,0
2781,0
1121,0
3611,0
2461,0
2234,0
4654,0
5461,0
5585,0
4031,0
5113,0
1554,0
2980,0
4033,0
4775,0
3403,0
3829,0
3676,0
3764,0
1176,0
4488,0
810,0
5230,0
5500,0
2771,0
776,0
1646,0
4800,0
506,0
5509,0
296,0
3220,0
807,0
4479,0
3362,0
3100,0
3011,0
3228,0
3024,0
1491,0
1817,0
3178,0
3162,0
3091,0
2880,0
1856,0
4142,0
2465,0
2996,0
4495,0
2096,0
5044,0
5560,0
4241,0
3491,0
834,0
4983,0
751,0
3839,0
5142,0
5299,0
5005,0
765,0
4569,0
1768,0
727,0
4393,0
382,0
971,0
2625,0
3448,0
4329,0
1422,0
3063,0
3416,0
798,0
4280,0
3750,0
5547,0
2600,0
3949,0
3223,0
4232,0
2040,0
1631,0
4751,0
14,0
3580,0
3137,0
4767,0
2725,0
3270,0
5216,0
5039,0
3919,0
505,0
1816,0
3071,0
2230,0
3568,0
2017,0
2809,0
16,0
5208,0
3637,0
5641,0
5394,0
1886,0
394,0
2011,0
2940,0
771,0
2131,0
2640,0
773,0
3264,0
24,0
208,0
3507,0
3087,0
4646,0
3466,0
4451,0
4770,0
3294,0
3860,0
466,0
4371,0
4380,0
3341,0
2357,0
994,0
1837,0
1682,0
1753,0
4390,0
2270,0
2995,0
562,0
5267,0
610,0
2188,0
3547,0
3407,0
4041,0
1304,0
4125,0
5487,0
1799,0
3351,0
5406,0
4053,0
151,0
4595,0
653,0
1276,0
320,0
2274,0
302,0
1337,0
4097,0
3141,0
4700,0
2320,0
3973,0
4613,0
2843,0
4010,0
1358,0
3917,0
1003,0
3121,0
1098,0
3147,0
3303,0
5569,0
326,0
2784,0
2654,0
3482,0
4099,0
163,0
393,0
3733,0
4143,0
3401,0
96,0
5425,0
2757,0
5121,0
5444,0
1459,0
4661,0
172,0
2175,0
5013,0
3944,0
5396,0
1928,0
3522,0
1491,0
3465,0
494,0
1006,0
908,0
2618,0
2209,0
5403,0
590,0
1501,0
3999,0
1408,0
3651,0
548,0
1844,0
5501,0
3089,0
5430,0
3623,0
3691,0
3732,0
1504,0
438,0
1827,0
1850,0
3537,0
4866,0
1069,0
4939,0
2617,0
4389,0
3276,0
510,0
2583,0
4197,0
677,0
3261,0
3749,0
5502,0
4579,0
1066,0
72,0
651,0
1313,0
5397,0
1061,0
3333,0
3036,0
3842,0
1849,0
1017,0
4739,0
1792,0
5097,0
2501,0
721,0
2929,0
3040,0
1365,0
1800,0
4104,0
4431,0
1334,0
2168,0
3118,0
3143,0
3443,0
1445,0
2904,0
4704,0
5174,0
5021,0
2952,0
34,0
3014,0
2273,0
4294,0
960,0
1943,0
5025,0
678,0
316,0
884,0
3356,0
5074,0
1599,0
3421,0
3923,0
2888,0
611,0
3930,0
711,0
4291,0
3531,0
4301,0
3235,0
1116,0
1388,0
4523,0
3360,0
2578,0
4760,0
1738,0
3596,0
981,0
1823,0
206,0
3916,0
1538,0
5577,0
154,0
657,0
2080,0
435,0
923,0
1319,0
4336,0
663,0
1701,0
4163,0
1949,0
3866,0
2422,0
4011,0
2694,0
3194,0
4692,0
5574,0
4478,0
3632,0
3428,0
375,0
3741,0
4461,0
4564,0
258,0
3324,0
2104,0
5091,0
2106,0
1935,0
5431,0
752,0
2602,0
121,0
2008,0
253,0
571,0
4190,0
502,0
5488,0
1742,0
2375,0
4528,0
3593,0
5520,0
2148,0
4037,0
3735,0
1877,0
5640,0
1286,0
5268,0
2903,0
719,0
3496,0
1630,0
883,0
4439,0
2876,0
4214,0
4566,0
1715,0
1009,0
4354,0
4204,0
763,0
955,0
5065,0
319,0
3768,0
3322,0
1907,0
3460,0
1120,0
5676,0
641,0
3092,0
3544,0
4272,0
3077,0
2759,0
2467,0
2498,0
4500,0
5402,0
5316,0
4453,0
4651,0
4194,0
2962,0
3912,0
996,0
5575,0
3725,0
5085,0
4154,0
5659,0
835,0
5026,0
1155,0
4802,0
3031,0
1088,0
5029,0
1884,0
261,0
3157,0
2993,0
4671,0
5359,0
5693,0
748,0
683,0
831,0
5256,0
5318,0
4402,0
4199,0
4786,0
64,0
3856,0
2199,0
3609,0
4662,0
5691,0
4317,0
3332,0
132,0
2879,0
3155,0
4509,0
887,0
4447,0
1175,0
1894,0
2773,0
3548,0
3380,0
4536,0
3774,0
1390,0
3939,0
1946,0
3681,0
5271,0
3769,0
3305,0
515,0
1244,0
495,0
3114,0
3186,0
2514,0
5102,0
4726,0
3869,0
5076,0
5253,0
5237,0
3258,0
512,0
3742,0
285,0
1331,0
1553,0
2797,0
3250,0
5482,0
2741,0
650,0
2946,0
4347,0
2012,0
1458,0
1848,0
377,0
2140,0
4609,0
1005,0
2789,0
4025,0
3154,0
2569,0
3878,0
4753,0
4535,0
693,0
4758,0
4378,0
2290,0
3628,0
3771,0
3317,0
3370,0
4757,0
1248,0
4140,0
4875,0
879,0
946,0
5000,0
3824,0
5060,0
1018,0
1077,0
3,0
4442,0
3208,0
4801,0
2221,0
262,0
4000,0
4632,0
5079,0
1934,0
2389,0
4269,0
5489,0
3462,0
3019,0
3272,0
2122,0
4681,0
4167,0
1247,0
5588,0
298,0
2830,0
777,0
4189,0
478,0
3800,0
2861,0
2187,0
3877,0
491,0
3446,0
3847,0
5578,0
5301,0
5395,0
5637,0
3119,0
2520,0
3301,0
1389,0
484,0
1396,0
3099,0
2805,0
2441,0
1740,0
2894,0
2836,0
1035,0
1298,0
280,0
5443,0
4072,0
2198,0
2596,0
2730,0
4620,0
3896,0
913,0
536,0
5028,0
1713,0
916,0
3044,0
4118,0
2973,0
3792,0
2447,0
4384,0
4145,0
1690,0
5016,0
5109,0
921,0
1118,0
2509,0
1049,0
2513,0
1442,0
2045,0
1265,0
317,0
4411,0
2887,0
3296,0
4325,0
3105,0
524,0
740,0
4001,0
4448,0
3410,0
4318,0
165,0
4244,0
2046,0
4254,0
3887,0
3115,0
1423,0
2393,0
5152,0
2906,0
5123,0
958,0
4584,0
4608,0
2570,0
248,0
886,0
1346,0
1965,0
1359,0
3705,0
2627,0
1763,0
169,0
2372,0
2692,0
1503,0
4216,0
836,0
3726,0
4263,0
4475,0
3619,0
1879,0
1735,0
3179,0
4039,0
4040,0
2800,0
3389,0
2192,0
1309,0
5108,0
4444,0
4020,0
4211,0
3672,0
5248,0
3966,0
2438,0
185,0
745,0
324,0
1689,0
3615,0
2450,0
3175,0
4750,0
2129,0
2041,0
1902,0
1760,0
1702,0
1846,0
4930,0
3477,0
3669,0
4874,0
2489,0
5498,0
1569,0
2857,0
716,0
5212,0
829,0
5342,0
3172,0
4095,0
3034,0
3393,0
5294,0
2713,0
3718,0
4166,0
526,0
5213,0
3599,0
3902,0
2383,0
4174,0
159,0
3187,0
609,0
3307,0
2963,0
2926,0
3153,0
2960,0
5098,0
600,0
4530,0
3412,0
256,0
3773,0
759,0
4863,0
3188,0
4217,0
3850,0
729,0
4507,0
3130,0
2118,0
1857,0
1803,0
4059,0
5064,0
3018,0
313,0
1747,0
654,0
1709,0
627,0
1271,0
2043,0
1460,0
5203,0
1328,0
3285,0
2925,0
4638,0
3989,0
3171,0
325,0
2019,0
3788,0
3374,0
2054,0
3110,0
3854,0
3363,0
3814,0
471,0
1154,0
2107,0
2476,0
4258,0
707,0
3279,0
5071,0
3379,0
4585,0
1166,0
622,0
1301,0
1028,0
2693,0
570,0
5017,0
3022,0
2988,0
3278,0
3292,0
3696,0
4661,0
323,0
2850,0
2318,0
3686,0
3957,0
3006,0
1106,0
4503,0
1948,0
3830,0
3947,0
4083,0
3986,0
4512,0
1026,0
2641,0
4504,0
1347,0
1634,0
2766,0
1095,0
4437,0
3481,0
608,0
851,0
2213,0
174,0
3614,0
928,0
2394,0
2863,0
2998,0
1657,0
1104,0
2105,0
5222,0
3958,0
328,0
796,0
3229,0
655,0
2704,0
4644,0
200,0
4233,0
2225,0
4455,0
2870,0
4546,0
621,0
3109,0
3500,0
673,0
3152,0
3234,0
3647,0
3934,0
894,0
4022,0
1751,0
5095,0
3564,0
4311,0
3579,0
3823,0
4,0
2171,0
4908,0
5408,0
2964,0
5067,0
2371,0
1749,0
4093,0
518,0
4222,0
523,0
735,0
5027,0
944,0
2786,0
4460,0
1426,0
5568,0
4598,0
3751,0
1911,0
1023,0
634,0
1960,0
3675,0
3181,0
2572,0
2915,0
5119,0
2440,0
1325,0
3525,0
2698,0
3282,0
3835,0
2082,0
5309,0
133,0
5172,0
4701,0
3514,0
5445,0
4628,0
3660,0
2652,0
2282,0
414,0
2593,0
1194,0
5255,0
5199,0
4494,0
2847,0
3635,0
4465,0
5181,0
3064,0
522,0
3372,0
1871,0
4686,0
3138,0
2238,0
4268,0
5058,0
440,0
3376,0
2927,0
3959,0
1808,0
294,0
5257,0
3603,0
3549,0
2102,0
520,0
545,0
2222,0
2287,0
3207,0
983,0
2006,0
504,0
1354,0
3658,0
2280,0
2629,0
5035,0
3051,0
5125,0
3807,0
5566,0
3468,0
3126,0
3693,0
4668,0
2145,0
3583,0
1075,0
397,0
3567,0
1872,0
2088,0
2891,0
1811,0
845,0
4349,0
451,0
4746,0
3349,0
4476,0
2443,0
3575,0
2931,0
122,0
3849,0
5584,0
5483,0
4755,0
3156,0
4669,0
4207,0
658,0
4492,0
2642,0
3479,0
2933,0
3834,0
4650,0
1472,0
2999,0
3571,0
299,0
1203,0
1483,0
3079,0
5506,0
1303,0
643,0
3122,0
4298,0
5579,0
4394,0
5409,0
3078,0
3586,0
4728,0
5226,0
1163,0
539,0
4297,0
65,0
4176,0
3950,0
4224,0
3000,0
4795,0
1838,0
4486,0
5310,0
626,0
247,0
4302,0
1340,0
4989,0
1952,0
2462,0
1029,0
3720,0
3441,0
249,0
1905,0
3328,0
4605,0
4762,0
3256,0
2758,0
2423,0
4098,0
3811,0
5043,0
4332,0
4293,0
3927,0
4085,0
2410,0
4733,0
5106,0
2826,0
2864,0
3862,0
2819,0
332,0
3982,0
2930,0
4377,0
2010,0
3202,0
2112,0
961,0
3653,0
4529,0
4106,0
998,0
4180,0
2416,0
5414,0
3533,0
540,0
1802,0
2677,0
3587,0
52,0
792,0
3434,0
4727,0
1302,0
416,0
4688,0
1030,0
811,0
4089,0
2201,0
3937,0
2250,0
5225,0
1637,0
1899,0
1178,0
4365,0
3790,0
5582,0
448,0
2865,0
1117,0
5250,0
3664,0
4101,0
3643,0
1159,0
4339,0
5319,0
1410,0
594,0
3600,0
2777,0
706,0
3440,0
1692,0
756,0
2878,0
5423,0
87,0
5550,0
4426,0
4252,0
449,0
4606,0
2321,0
876,0
5245,0
509,0
680,0
552,0
3503,0
1712,0
689,0
3797,0
4057,0
3253,0
947,0
2108,0
3326,0
3325,0
291,0
1398,0
1452,0
593,0
5448,0
2178,0
2565,0
4731,0
2380,0
2624,0
67,0
4350,0
986,0
3913,0
3053,0
3102,0
5011,0
5565,0
2354,0
4281,0
3656,0
4773,0
4162,0
3210,0
5014,0
1832,0
4913,0
4867,0
4491,0
5512,0
3133,0
3920,0
3047,0
44,0
2377,0
5583,0
5024,0
3203,0
901,0
4501,0
3398,0
2621,0
4703,0
2851,0
3935,0
4810,0
3218,0
2736,0
4073,0
4015,0
2934,0
1789,0
3941,0
2092,0
2853,0
4032,0
1505,0
5308,0
668,0
4445,0
3494,0
3191,0
4345,0
5220,0
2799,0
4127,0
4300,0
196,0
1563,0
45,0
5643,0
5023,0
2177,0
4409,0
3213,0
2636,0
1523,0
3283,0
4635,0
2896,0
4918,0
3613,0
1397,0
180,0
3738,0
3791,0
790,0
1206,0
2622,0
952,0
4443,0
2668,0
5515,0
4023,0
2868,0
4708,0
4957,0
685,0
1011,0
2699,0
3359,0
1721,0
5592,0
4364,0
3646,0
1592,0
5046,0
3581,0
4238,0
2770,0
3756,0
3747,0
1507,0
950,0
1044,0
787,0
3803,0
1570,0
4398,0
1469,0
2917,0
402,0
3455,0
4809,0
3566,0
2922,0
4386,0
2660,0
3076,0
4213,0
4379,0
5049,0
3113,0
5019,0
3855,0
649,0
2740,0
3816,0
3486,0
987,0
2712,0
5252,0
4069,0
3827,0
5042,0
4328,0
2901,0
1710,0
4593,0
2796,0
3715,0
2935,0
15,0
1831,0
4070,0
4675,0
2519,0
5112,0
1851,0
1103,0
720,0
3535,0
456,0
5648,0
2119,0
1042,0
98,0
2798,0
856,0
1739,0
3724,0
1754,0
469,0
2663,0
4621,0
3552,0
3423,0
3933,0
3607,0
3094,0
58,0
2215,0
3415,0
4513,0
3760,0
1623,0
1418,0
1963,0
3969,0
1084,0
1515,0
3365,0
1292,0
3601,0
2710,0
4018,0
5353,0
3752,0
3560,0
2790,0
1092,0
2203,0
4626,0
2172,0
938,0
3909,0
3813,0
2630,0
2982,0
1836,0
3433,0
679,0
3414,0
3953,0
4589,0
4136,0
4100,0
387,0
5128,0
5022,0
5393,0
3168,0
4921,0
4012,0
2902,0
4614,0
3252,0
4666,0
4655,0
1578,0
5448,0
490,0
2211,0
3799,0
3991,0
4629,0
73,0
4624,0
5497,0
3447,0
3043,0
1840,0
5336,0
3590,0
2840,0
997,0
3565,0
5599,0
2024,0
3627,0
2834,0
1748,0
1842,0
119,0
3763,0
4680,0
255,0
2337,0
3685,0
47,0
5354,0
4159,0
2684,0
4520,0
286,0
547,0
597,0
2110,0
750,0
3320,0
398,0
3480,0
2097,0
1761,0
4096,0
1699,0
2448,0
4149,0
2358,0
4212,0
1508,0
3180,0
4087,0
4582,0
3872,0
4738,0
3967,0
4791,0
3174,0
3677,0
1283,0
1942,0
4884,0
2608,0
1704,0
3467,0
447,0
2979,0
1726,0
4246,0
260,0
4257,0
1767,0
1693,0
3475,0
4468,0
4005,0
3166,0
4912,0
5581,0
1824,0
2100,0
3589,0
3280,0
3489,0
3520,0
4506,0
1869,0
4420,0
3204,0
2135,0
4556,0
3116,0
4490,0
1099,0
4699,0
3906,0
4058,0
5205,0
2366,0
914,0
2120,0
4772,0
5231,0
3098,0
3247,0
5161,0
4282,0
3335,0
3107,0
2656,0
146,0
2449,0
4256,0
4436,0
3177,0
1717,0
3993,0
1758,0
5008,0
892,0
179,0
728,0
4730,0
4748,0
5147,0
2975,0
3625,0
4123,0
100,0
1317,0
2167,0
4084,0
4405,0
3870,0
900,0
1579,0
4965,0
4225,0
700,0
1828,0
786,0
2127,0
4279,0
1000,0
3262,0
3413,0
2457,0
263,0
3604,0
410,0
437,0
1961,0
4403,0
4702,0
3387,0
177,0
259,0
2098,0
1959,0
489,0
3899,0
2794,0
1870,0
3357,0
4016,0
1263,0
4526,0
2841,0
3005,0
3042,0
3488,0
2945,0
3772,0
2170,0
929,0
2669,0
2272,0
3293,0
4421,0
12,0
2156,0
5440,0
4138,0
3298,0
3026,0
3070,0
4807,0
2362,0
3198,0
1867,0
528,0
2705,0
4481,0
4340,0
3487,0
4684,0
2763,0
3424,0
511,0
4129,0
3023,0
1364,0
2205,0
3833,0
2714,0
2497,0
4725,0
1293,0
4017,0
741,0
2662,0
4248,0
1443,0
3170,0
295,0
5157,0
4785,0
985,0
5263,0
4766,0
833,0
3075,0
4774,0
4910,0
558,0
1027,0
2760,0
4427,0
3858,0
1329,0
3418,0
2772,0
5003,0
1220,0
1700,0
2291,0
4092,0
842,0
4304,0
1958,0
4968,0
2202,0
4150,0
1539,0
1446,0
2571,0
452,0
4065,0
4260,0
3699,0
953,0
1288,0
3521,0
5012,0
2169,0
3546,0
647,0
4045,0
2180,0
2084,0
5491,0
4456,0
828,0
5538,0
3844,0
4119,0
529,0
3710,0
5110,0
1197,0
1215,0
1096,0
3961,0
2490,0
1686,0
564,0
5411,0
3090,0
5040,0
1034,0
3129,0
5084,0
4169,0
4682,0
3037,0
3591,0
4724,0
3224,0
1756,0
2173,0
365,0
5523,0
3382,0
4927,0
4924,0
3626,0
4122,0
665,0
3454,0
2637,0
4982,0
2869,0
2163,0
3062,0
4995,0
5553,0
501,0
5391,0
1728,0
5210,0
2831,0
2702,0
2595,0
4667,0
4344,0
2613,0
3200,0
4262,0
199,0
4396,0
3067,0
3695,0
59,0
1417,0
3238,0
3248,0
3068,0
3836,0
2573,0
3214,0
982,0
4969,0
315,0
5375,0
3979,0
4534,0
3371,0
3338,0
1198,0
1470,0
3125,0
2488,0
160,0
4707,0
4808,0
3679,0
782,0
5124,0
3527,0
4557,0
401,0
5356,0
3061,0
4400,0
3634,0
2970,0
3232,0
1273,0
3498,0
2832,0
2468,0
2452,0
1082,0
3060,0
3361,0
498,0
4537,0
1511,0
3728,0
3206,0
2093,0
3299,0
3312,0
684,0
3971,0
4151,0
4476,0
4984,0
1282,0
2974,0
2418,0
4124,0
4642,0
2239,0
5355,0
500,0
3630,0
203,0
1204,0
4343,0
3583,0
4555,0
2427,0
450,0
739,0
4316,0
2852,0
1370,0
4522,0
3353,0
1012,0
3666,0
4508,0
5490,0
5518,0
3106,0
743,0
2335,0
1031,0
4607,0
4249,0
486,0
758,0
2504,0
4267,0
5388,0
3304,0
3963,0
2197,0
487,0
2590,0
2020,0
2128,0
5576,0
4309,0
2482,0
954,0
2778,0
5453,0
2658,0
3001,0
1486,0
3463,0
3640,0
2255,0
4619,0
183,0
4527,0
3712,0
3668,0
4754,0
5001,0
2653,0
5317,0
3096,0
3880,0
2310,0
841,0
3684,0
2776,0
4588,0
2271,0
1305,0
1833,0
5499,0
4367,0
1764,0
4054,0
3237,0
4134,0
3578,0
1930,0
4381,0
3584,0
3420,0
4051,0
1202,0
1351,0
974,0
995,0
3266,0
1013,0
2503,0
2644,0
4181,0
762,0
3151,0
2089,0
722,0
2754,0
1296,0
3173,0
2456,0
1065,0
282,0
1250,0
1957,0
5360,0
2845,0
3080,0
5219,0
2007,0
1839,0
5260,0
2936,0
1888,0
1240,0
2266,0
3193,0
3056,0
2866,0
2987,0
2473,0
2179,0
781,0
749,0
3132,0
1167,0
4184,0
5305,0
4196,0
1281,0
2764,0
2185,0
3112,0
1544,0
2166,0
4331,0
2099,0
1535,0
5140,0
1037,0
1336,0
2723,0
3347,0
4432,0
2588,0
36,0
846,0
2655,0
134,0
13,0
3517,0
563,0
4201,0
2233,0
1727,0
3135,0
2412,0
5115,0
4418,0
4723,0
3085,0
3402,0
4408,0
4429,0
5170,0
5333,0
3016,0
3818,0
5427,0
3884,0
3136,0
3936,0
3793,0
3478,0
3291,0
3004,0
492,0
2884,0
5436,0
3723,0
4742,0
5051,0
648,0
714,0
95,0
2331,0
4637,0
935,0
925,0
1912,0
5311,0
4351,0
2680,0
1287,0
4078,0
5052,0
4009,0
4286,0
4784,0
1171,0
1407,0
1729,0
5160,0
3225,0
990,0
1784,0
139,0
2954,0
4674,0
4007,0
3032,0
2650,0
4210,0
2939,0
82,0
2437,0
474,0
5347,0
3796,0
1476,0
5657,0
35,0
5247,0
2446,0
5556,0
4198,0
3082,0
794,0
943,0
1330,0
3616,0
4359,0
4434,0
2322,0
3254,0
5269,0
3093,0
1549,0
4029,0
1361,0
4407,0
808,0
2696,0
3701,0
3907,0
1274,0
5492,0
3451,0
3734,0
5234,0
2860,0
1746,0
878,0
441,0
5069,0
3976,0
3777,0
1146,0
2113,0
2687,0
4261,0
3729,0
3657,0
2459,0
3998,0
5045,0
2808,0
3300,0
4482,0
4322,0
4387,0
1233,0
4617,0
4137,0
4361,0
694,0
1318,0
2278,0
1360,0
3336,0
3012,0
2923,0
2176,0
980,0
1221,0
4469,0
5020,0
3055,0
3269,0
2804,0
4886,0
976,0
3013,0
4348,0
4156,0
3992,0
3415,0
3770,0
4600,0
1622,0
4360,0
442,0
1489,0
4363,0
533,0
4697,0
3956,0
5304,0
3541,0
5562,0
4480,0
1024,0
3929,0
4493,0
4780,0
3819,0
2510,0
1275,0
4182,0
55,0
2912,0
5214,0
318,0
5221,0
1343,0
5690,0
1773,0
2391,0
1367,0
4388,0
3104,0
5361,0
3081,0
1914,0
4422,0
4648,0
1853,0
264,0
1420,0
2499,0
3473,0
4050,0
1332,0
584,0
3612,0
5122,0
278,0
2460,0
4320,0
4324,0
4459,0
1297,0
3495,0
3083,0
1223,0
1093,0
290,0
3931,0
5163,0
5015,0
2150,0
3978,0
4215,0
1492,0
5417,0
1537,0
4736,0
2767,0
1855,0
5510,0
1433,0
2378,0
2333,0
3101,0
5401,0
3665,0
4891,0
1638,0
3409,0
4888,0
5419,0
1216,0
1944,0
812,0
993,0
2586,0
4806,0
2091,0
5572,0
538,0
4581,0
3698,0
4793,0
5368,0
5150,0
778,0
3284,0
4685,0
4511,0
2444,0
1514,0
3754,0
3810,0
2583,0
3405,0
3190,0
4226,0
2748,0
4391,0
4485,0
1039,0
806,0
2620,0
4346,0
5173,0
4428,0
1790,0
3241,0
1757,0
746,0
4859,0
675,0
1091,0
168,0
4484,0
3097,0
1495,0
57,0
761,0
4326,0
3554,0
3757,0
3148,0
4768,0
5092,0
4907,0
4355,0
363,0
4110,0
4289,0
2682,0
3444,0
3469,0
4975,0
544,0
2983,0
4052,0
4565,0
4319,0
3815,0
5105,0
2083,0
2948,0
1083,0
2237,0
2957,0
1040,0
5036,0
3592,0
5031,0
1732,0
2787,0
4120,0
2143,0
4759,0
5103,0
1880,0
1110,0
4464,0
1299,0
3690,0
2835,0
907,0
991,0
3277,0
4988,0
301,0
4571,0
1114,0
2742,0
1861,0
4452,0
5167,0
1908,0
3861,0
1881,0
3048,0
4649,0
3762,0
4602,0
1038,0
573,0
3288,0
2761,0
2997,0
4370,0
1356,0
4805,0
4934,0
3555,0
1724,0
5524,0
3074,0
3219,0
1931,0
5358,0
4035,0
2142,0
3851,0
1424,0
4679,0
5129,0
1551,0
5392,0
1080,0
4416,0
4749,0
3977,0
5246,0
5442,0
5030,0
3755,0
3543,0
1094,0
5298,0
265,0
2186,0
1045,0
4285,0
5164,0
3865,0
1036,0
3789,0
4333,0
2483,0
1454,0
3968,0
3417,0
2260,0
2750,0
3033,0
2525,0
2587,0
1450,0
4223,0
3534,0
5590,0
755,0
252,0
209,0
2944,0
4132,0
4002,0
4639,0
4117,0
3134,0
2311,0
3746,0
3702,0
2486,0
2049,0
5120,0
3945,0
3235,0
4139,0
4938,0
1628,0
800,0
2475,0
3954,0
3631,0
5535,0
3597,0
3383,0
3867,0
4412,0
2984,0
2522,0
4187,0
5303,0
3577,0
3825,0
4734,0
5357,0
198,0
4576,0
1624,0
1906,0
2734,0
5426,0
2989,0
2336,0
3251,0
3073,0
1291,0
418,0
2611,0
2159,0
4170,0
4259,0
848,0
4313,0
4133,0
2421,0
3499,0
3009,0
4024,0
3714,0
2200,0
4171,0
5082,0
3095,0
4338,0
5534,0
1149,0
2323,0
4130,0
4307,0
667,0
4905,0
1058,0
5363,0
4425,0
3759,0
3911,0
384,0
5692,0
795,0
2703,0
4471,0
3306,0
2643,0
1843,0
1558,0
2133,0
2977,0
5117,0
80,0
3809,0
3436,0
415,0
493,0
4466,0
1564,0
1090,0
5240,0
2470,0
3536,0
2018,0
5229,0
1490,0
3779,0
277,0
2938,0
4042,0
2812,0
3084,0
4694,0
4510,0
4334,0
3195,0
1440,0
4283,0
2309,0
2601,0
793,0
596,0
204,0
1399,0
389,0
583,0
964,0
3437,0
5521,0
56,0
2286,0
5006,0
3145,0
671,0
5,0
4804,0
2806,0
664,0
5362,0
2854,0
4419,0
4253,0
2351,0
4517,0
246,0
3431,0
5066,0
3394,0
4068,0
4737,0
5486,0
3977,0
5314,0
4959,0
3528,0
5485,0
3160,0
4865,0
1164,0
1656,0
2976,0
640,0
2965,0
1947,0
2474,0
2376,0
1461,0
909,0
5077,0
1245,0
1002,0
3161,0
3449,0
2612,0
3323,0
1548,0
3889,0
1199,0
4218,0
2807,0
2182,0
2174,0
1639,0
1074,0
267,0
333,0
3146,0
1730,0
4532,0
3430,0
3984,0
4586,0
2314,0
2139,0
3028,0
3216,0
890,0
1014,0
3321,0
3399,0
2297,0
5141,0
1481,0
3713,0
4341,0
3516,0
3459,0
5114,0
3831,0
2619,0
3837,0
1310,0
4237,0
5155,0
300,0
4028,0
4014,0
1711,0
2399,0
3017,0
3065,0
5496,0
1655,0
4274,0
1893,0
3888,0
2755,0
331,0
5651,0
33,0
3692,0
3490,0
3905,0
284,0
3519,0
3395,0
4502,0
4152,0
5334,0
3149,0
2921,0
4744,0
3775,0
1835,0
3621,0
4625,0
4414,0
3910,0
3245,0
3806,0
2762,0
2165,0
1010,0
1032,0
4985,0
2877,0
5410,0
2115,0
4034,0
1214,0
1081,0
2512,0
1363,0
1401,0
4794,0
2745,0
4920,0
3010,0
4974,0
5386,0
3795,0
2363,0
4153,0
2785,0
3781,0
3458,0
3873,0
4310,0
2527,0
3221,0
4971,0
3924,0
2649,0
3852,0
4044,0
5180,0
5094,0
521,0
3783,0
1267,0
1020,0
3340,0
2445,0
1643,0
3942,0
4477,0
918,0
5539,0
5561,0
2352,0
669,0
760,0
485,0
3761,0
1766,0
2743,0
4708,0
3330,0
2160,0
4519,0
5097,0
2471,0
5033,0
3167,0
1219,0
5463,0
1718,0
4205,0
2814,0
4066,0
4221,0
4003,0
4776,0
4026,0
1468,0
3510,0
513,0
4048,0
411,0
3337,0
4091,0
1242,0
5687,0
2688,0
2326,0
4027,0
3530,0
4790,0
473,0
612,0
4570,0
54,0
1869,0
5270,0
4115,0
3538,0
2616,0
1774,0
789,0
2130,0
4929,0
3885,0
3236,0
4247,0
809,0
3366,0
560,0
1791,0
3990,0
1720,0
4242,0
1478,0
3456,0
2632,0
2678,0
1188,0
3008,0
5061,0
4415,0
2407,0
2325,0
3895,0
1951,0
3955,0
3707,0
4664,0
4862,0
3765,0
3274,0
4592,0
881,0
4743,0
5004,0
3753,0
895,0
327,0
3492,0
202,0
2731,0
3286,0
46,0
2697,0
3897,0
4633,0
24,0
1344,0
269,0
2623,0
4449,0
920,0
4401,0
4064,0
4019,0
3209,0
3557,0
2373,0
